Id,RecordTypeId,Name,IsDeleted,CreatedDate,LastModifiedDate,SystemModstamp,LastViewedDate,LastReferencedDate,FinServ__CreateInverseRole__c,FinServ__InverseRelationship__c,FinServ__InverseRole__c,FinServ__RelationshipType__c,FinServ__SourceSystemId__c,RecordType.DeveloperName,FinServ__InverseRelationship__r.Name
a0E3h000001JjcGEAS,0123h000000z9NUAAY,Client,false,2020-06-23T16:48:07.000+0000,2020-06-23T16:48:07.000+0000,2020-06-23T16:48:07.000+0000,,,false,a0E3h000001JjcAEAS,Accountant,,,ContactRole;FinServ__ReciprocalRole__c,Accountant
a0E3h000001JjcJEAS,0123h000000z9NUAAY,Grandchild,false,2020-06-23T16:48:07.000+0000,2020-06-23T16:48:07.000+0000,2020-06-23T16:48:07.000+0000,,,false,a0E3h000001JjcDEAS,Grandparent,,,ContactRole;FinServ__ReciprocalRole__c,Grandparent
a0E3h000001JjcMEAS,0123h000000z9NUAAY,Ex-Spouse,false,2020-06-23T16:48:07.000+0000,2020-06-23T16:48:07.000+0000,2020-06-23T16:48:07.000+0000,,,false,,Ex-Spouse,,,ContactRole;FinServ__ReciprocalRole__c,
a0E3h000001JjcOEAS,0123h000000z9NUAAY,Sibling,false,2020-06-23T16:48:07.000+0000,2020-06-23T16:48:07.000+0000,2020-06-23T16:48:07.000+0000,,,false,,Sibling,,,ContactRole;FinServ__ReciprocalRole__c,
a0E3h000001JjcFEAS,0123h000000z9NTAAY,Business,false,2020-06-23T16:48:07.000+0000,2020-06-23T16:48:07.000+0000,2020-06-23T16:48:07.000+0000,,,true,a0E3h000001JjcLEAS,Proprietor,,,AccountRole;FinServ__ReciprocalRole__c,Proprietor
a0E3h000001JjcBEAS,0123h000000z9NUAAY,Lawyer,false,2020-06-23T16:48:07.000+0000,2020-06-23T16:48:07.000+0000,2020-06-23T16:48:07.000+0000,,,true,a0E3h000001JjcHEAS,Client,,,ContactRole;FinServ__ReciprocalRole__c,Client
a0E3h000001JjcEEAS,0123h000000z9NUAAY,Power of Attorney,false,2020-06-23T16:48:07.000+0000,2020-06-23T16:48:07.000+0000,2020-06-23T16:48:07.000+0000,,,true,a0E3h000001JjcKEAS,Client,,,ContactRole;FinServ__ReciprocalRole__c,Client
a0E3h000001JjcLEAS,0123h000000z9NTAAY,Proprietor,false,2020-06-23T16:48:07.000+0000,2020-06-23T16:48:07.000+0000,2020-06-23T16:48:07.000+0000,,,false,a0E3h000001JjcFEAS,Business,,,AccountRole;FinServ__ReciprocalRole__c,Business
a0E3h000001JjcAEAS,0123h000000z9NUAAY,Accountant,false,2020-06-23T16:48:07.000+0000,2020-06-23T16:48:07.000+0000,2020-06-23T16:48:07.000+0000,,,true,a0E3h000001JjcGEAS,Client,,,ContactRole;FinServ__ReciprocalRole__c,Client
a0E3h000001JjcKEAS,0123h000000z9NUAAY,Client,false,2020-06-23T16:48:07.000+0000,2020-06-23T16:48:07.000+0000,2020-06-23T16:48:07.000+0000,,,false,a0E3h000001JjcEEAS,Power of Attorney,,,ContactRole;FinServ__ReciprocalRole__c,Power of Attorney
a0E3h000001JjcDEAS,0123h000000z9NUAAY,Grandparent,false,2020-06-23T16:48:07.000+0000,2020-06-23T16:48:07.000+0000,2020-06-23T16:48:07.000+0000,,,true,a0E3h000001JjcJEAS,Grandchild,,,ContactRole;FinServ__ReciprocalRole__c,Grandchild
a0E3h000001JjcIEAS,0123h000000z9NUAAY,Dependent,false,2020-06-23T16:48:07.000+0000,2020-06-23T16:48:07.000+0000,2020-06-23T16:48:07.000+0000,,,false,a0E3h000001JjcCEAS,Parent,,,ContactRole;FinServ__ReciprocalRole__c,Parent
a0E3h000001JjcHEAS,0123h000000z9NUAAY,Client,false,2020-06-23T16:48:07.000+0000,2020-06-23T16:48:07.000+0000,2020-06-23T16:48:07.000+0000,,,false,a0E3h000001JjcBEAS,Lawyer,,,ContactRole;FinServ__ReciprocalRole__c,Lawyer
a0E3h000001JjcPEAS,0123h000000z9NTAAY,Extended Family,false,2020-06-23T16:48:07.000+0000,2020-06-23T16:48:07.000+0000,2020-06-23T16:48:07.000+0000,,,false,,Extended Family,,,AccountRole;FinServ__ReciprocalRole__c,
a0E3h000001JjcNEAS,0123h000000z9NUAAY,Spouse,false,2020-06-23T16:48:07.000+0000,2020-06-23T16:48:07.000+0000,2020-06-23T16:48:07.000+0000,,,false,,Spouse,,,ContactRole;FinServ__ReciprocalRole__c,
a0E3h000001JjcCEAS,0123h000000z9NUAAY,Parent,false,2020-06-23T16:48:07.000+0000,2020-06-23T16:48:07.000+0000,2020-06-23T16:48:07.000+0000,,,true,a0E3h000001JjcIEAS,Dependent,,,ContactRole;FinServ__ReciprocalRole__c,Dependent
